{
 "actions": [],
 "allow_rename": 1,
 "creation": "2023-05-21 01:04:48.334062",
 "doctype": "DocType",
 "editable_grid": 1,
 "engine": "InnoDB",
 "field_order": [
  "package_feature"
 ],
 "fields": [
  {
   "fieldname": "package_feature",
   "fieldtype": "Link",
   "label": "Package Feature",
   "options": "Package Feature Item",
   "unique": 1
  }
 ],
 "index_web_pages_for_search": 1,
 "istable": 1,
 "links": [],
 "modified": "2023-05-21 02:17:05.399441",
 "modified_by": "Administrator",
 "module": "Idelta Website",
 "name": "Package Features Detail",
 "owner": "Administrator",
 "permissions": [],
 "sort_field": "modified",
 "sort_order": "DESC"
}