{
 "category": "Modules",
 "charts": [],
 "creation": "2023-05-17 10:11:18.641667",
 "developer_mode_only": 0,
 "disable_user_customization": 0,
 "docstatus": 0,
 "doctype": "Workspace",
 "extends_another_page": 0,
 "hide_custom": 0,
 "idx": 0,
 "is_default": 0,
 "is_standard": 1,
 "label": "Idelta Website",
 "links": [],
 "modified": "2023-05-17 11:02:42.434384",
 "modified_by": "Administrator",
 "module": "Idelta Website",
 "name": "Idelta Website",
 "owner": "Administrator",
 "pin_to_bottom": 0,
 "pin_to_top": 0,
 "shortcuts": [
  {
   "doc_view": "List",
   "label": "Project Portfolio",
   "link_to": "Project Portfolio",
   "type": "DocType"
  }
 ]
}